{"cameraMode":{"drawMode":0,"name":"Shaded","section":"Shading Mode"},"sceneLighting":true,"audioPlay":false,"sceneViewState":{"showFog":true,"showMaterialUpdate":false,"showSkybox":true,"showFlares":true,"showImageEffects":true,"showParticleSystems":true},"in2DMode":false,"pivot":{"x":-0.29024094343185427,"y":0.40448808670043948,"z":0.09110832214355469},"rotation":{"x":0.1808098554611206,"y":-0.002644995925948024,"z":0.0004896462778560817,"w":0.983522891998291},"size":4.348989009857178,"orthographic":false}